{
  "mumbai": {
    "lat": 19.054999,
    "lon": 72.8692035,
    "display_name": "Mumbai, Mumbai Suburban, Maharashtra, India"
  },
  "delhi": {
    "lat": 28.6328027,
    "lon": 77.2197713,
    "display_name": "Delhi, India"
  },
  "bengaluru": {
    "lat": 12.9767936,
    "lon": 77.590082,
    "display_name": "Bengaluru, Bangalore North, Bengaluru Urban, Karnataka, India"
  },
  "london": {
    "lat": 51.5074456,
    "lon": -0.1277653,
    "display_name": "Greater London, England, United Kingdom"
  }
}